binomial,garden,date_collected,chamber_size_cm2,chamber_area,circle_1,circle_2,circle_3,thick_1,thick_2,thick_3,fresh_mass,leaf_area,leaf_area_imagej,imaged,oven_dried,dry_mass
Anemone_rivularis,UBC,2019Jul01,2,full,,,,0.298,0.279,0.384,2.5981,58.592,62.662,yes,2019Jul14,0.5453
Ceratostigma_minus,UBC,2019Jul01,2,not_full,1.582,1.389,0.930,0.273,0.279,0.291,0.1309,3.289,3.425,yes,2019Jul14,0.0410
Dianthus_microlepis,UBC,2019Jul01,2,not_full,0.397,0.397,0.397,0.316,0.322,0.237,0.0142,0.385,.612,yes,2019Jul14,0.0040
Embothrium_coccineum,UBC,2019Jul01,2,full,,,,0.315,0.294,0.326,0.6343,21.033,21.417,yes,2019Jul14,0.1720
Fuchsia_magellanica,UBC,2019Jul01,2,not_full,1.125,1.125,1.125,0.189,0.187,0.176,0.0351,1.224,1.426,yes,2019Jul14,0.0079
Hypericum_densiflorum,UBC,2019Jul01,2,not_full,0.248,0.248,0.248,0.235,0.171,0.157,0.0072,0.141,.287,yes,2019Jul14,0.0037
Lysichiton_camtschatcensis,UBC,2019Jul01,2,full,,,,0.303,0.283,0.340,7.6652,230.778,232.427,yes,2019Jul14,0.7255
Rhamnus_alpina,UBC,2019Jul01,2,full,,,,0.203,0.150,0.149,0.3064,17.963,18.302,yes,2019Jul14,0.0922
Tsuga_sieboldii,UBC,2019Jul01,2,not_full,1.440,1.440,1.440,0.333,0.460,0.430,0.0118,0.204,.203,yes,2019Jul14,0.0058
Verbena_rigida,UBC,2019Jul01,2,not_full,1.976,1.879,1.541,0.264,0.281,0.243,0.1235,4.564,4.828,yes,2019Jul14,0.0484
Arachniodes_simplicior,VD,2019Jul03,2,not_full,1.886,1.922,1.852,0.269,0.269,0.260,12.8068,453.495,480.045,yes,2019Jul14,3.2298
Cypripedium_japonicum,VD,2019Jul03,2,full,,,,0.208,0.198,0.192,5.8437,258.103,265.309,yes,2019Jul14,1.1645
Datisca_cannabina,VD,2019Jul03,2,full,,,,0.114,0.119,0.113,1.1818,67.432,73.295,yes,2019Jul14,0.2686
Dicksonia_antarctica,VD,2019Jul03,2,not_full,1.704,1.672,1.433,0.197,0.263,0.118,42.7913,"1,449.394",1621.192,yes,2019Jul14,12.1262
Dryopteris_carthusiana,VD,2019Jul03,2,not_full,1.535,1.476,1.587,0.116,0.057,0.087,13.8181,511.972,624.395,yes,2019Jul14,1.7922
Dryopteris_goldiana,VD,2019Jul03,2,not_full,1.558,1.943,1.546,0.118,0.176,0.152,2.1538,137.117,144.256,yes,2019Jul14,0.4374
Gymnocarpium_dryopteris,VD,2019Jul03,2,not_full,1.723,1.472,1.766,0.102,0.076,0.094,0.1922,15.778,22.514,yes,2019Jul14,0.0560
Lysimachia_clethroides,VD,2019Jul03,2,full,,,,0.157,0.147,0.148,0.3599,20.917,21.356,yes,2019Jul14,0.0621
Osmunda_regalis,VD,2019Jul03,2,full,,,,0.124,0.122,0.131,8.9142,582.017,679.743,yes,2019Jul14,1.7471
Paulownia_tomentosa,VD,2019Jul03,2,full,,,,0.142,0.147,0.122,9.4968,404.648,416.409,yes,2019Jul14,2.3383
Persicaria_campanulata,VD,2019Jul03,2,full,,,,0.155,0.170,0.193,1.5007,66.762,67.811,yes,2019Jul14,0.1690
Rhododendron_campylocarpum,VD,2019Jul03,2,full,,,,0.288,0.262,0.260,0.8586,28.972,29.715,yes,2019Jul14,0.3155
Actinidia_kolomikta,UBC,2019Jul04,2,full,,,,0.149,0.152,0.133,0.8582,57.931,57.736,yes,2019Jul14,0.2874
Aucuba_chinensis,UBC,2019Jul04,2,full,,,,0.250,0.241,0.236,1.8620,65.708,65.750,yes,2019Jul14,0.4523
Catalpa_fargesii,UBC,2019Jul04,2,full,,,,0.100,0.112,0.095,1.7209,131.310,130.213,yes,2019Jul14,0.4106
Clethra_delavayi,UBC,2019Jul04,2,full,,,,0.160,0.214,0.195,1.2187,52.236,51.876,yes,2019Jul14,0.3609
Decaisnea_insignis,UBC,2019Jul04,2,full,,,,0.111,0.105,0.113,0.3275,34.346,34.915,yes,2019Jul14,0.0789
Eurya_japonica,UBC,2019Jul04,2,full,,,,0.218,0.204,0.231,0.2641,12.387,12.648,yes,2019Jul14,0.0823
Quercus_macranthera,UBC,2019Jul04,2,full,,,,0.093,0.079,0.088,0.1570,22.007,22.419,yes,2019Jul14,0.0625
Rhododendron_degronianum,UBC,2019Jul04,2,full,,,,0.517,0.503,0.501,1.3450,24.767,27.114,yes,2019Jul14,0.4356
Rhododendron_hyperythrum,UBC,2019Jul04,2,full,,,,0.377,0.438,0.378,1.5154,33.887,35.391,yes,2019Jul14,0.5030
Schefflera_delavayi,UBC,2019Jul04,2,full,,,,0.437,0.420,0.485,17.4872,397.499,403.737,yes,2019Jul14,6.9324
Sciadopitys_verticillata,UBC,2019Jul04,2,not_full,0.971,1.112,1.032,0.556,0.511,0.596,0.1267,2.219,2.379,yes,2019Jul14,0.0494
Viburnum_davidii,UBC,2019Jul04,2,full,,,,0.317,0.316,0.316,2.8789,75.029,76.557,yes,2019Jul14,1.0699
Acorus_americanus,UBC,2019Jul08,2,full,,,,0.210,0.224,0.419,11.7362,234.068,240.464,yes,2019Jul14,2.2608
Cistus_laurifolius,UBC,2019Jul08,2,full,,,,0.406,0.369,0.397,0.2110,5.270,5.634,yes,2019Jul14,0.0882
Ephedra_frustillata,UBC,2019Jul08,2,not_full,0.825,0.541,0.368,0.933,0.984,1.238,0.1278,0.988,1.294,yes,2019Jul14,0.0425
Equisetum_scirpoides,UBC,2019Jul08,2,not_full,0.367,1.054,0.634,0.307,0.263,0.220,0.0162,0.104,0.630,yes,2019Jul14,0.0071
Kniphofia_rooperi,UBC,2019Jul08,2,full,,,,0.454,0.509,0.564,5.3663,78.888,74.700,yes,2019Jul14,0.9559
Myrica_gale,UBC,2019Jul08,2,not_full,1.526,1.612,1.103,0.197,0.204,0.183,0.0676,3.510,3.942,yes,2019Jul14,0.0284
Oxalis_oregana,UBC,2019Jul08,2,full,,,,0.126,0.129,0.134,0.2486,15.233,16.79,yes,2019Jul14,0.0261
Tolmeia_menziesii,UBC,2019Jul08,2,full,,,,0.098,0.108,0.111,0.2246,18.033,19.796,yes,2019Jul14,0.0523
Tsuga_mertensiana,UBC,2019Jul08,2,not_full,1.517,1.601,1.604,0.425,0.387,0.388,0.0071,0.134,.178,yes,2019Jul14,0.0026
Vaccinium_deliciosum,UBC,2019Jul08,2,full,,,,0.125,0.127,0.125,0.0637,5.603,5.956,yes,2019Jul14,0.0158
Viola_odorata,UBC,2019Jul08,2,full,,,,0.234,0.204,203.000,0.8123,28.863,29.773,yes,2019Jul14,0.2764
Abies_koreana,VD,2019Jul09,6,not_full,5.379,5.379,5.379,0.451,0.388,0.365,0.0097,0.132,.199,yes,2019Jul25,0.0044
Adiantum_pedatum,VD,2019Jul09,6,not_full,3.951,4.480,4.376,0.055,0.058,0.056,3.8498,278.735,355.915,yes,2019Jul25,1.1918
Ailanthus_altissima,VD,2019Jul09,6,full,,,,0.194,0.202,0.191,0.8869,42.266,42.526,yes,2019Jul25,0.3117
Anaphalis_margaritacea,VD,2019Jul09,6,not_full,0.892,1.626,1.992,0.185,0.168,0.183,0.0800,3.513,4.236,yes,2019Jul25,0.0173
Molinia_caerulea,VD,2019Jul09,6,not_full,1.439,1.339,1.816,0.084,0.088,0.073,0.3278,5.298,9.886,yes,2019Jul25,0.1458
Morus_australis,VD,2019Jul09,6,full,,,,0.142,0.146,0.174,3.8528,207.233,210.779,yes,2019Jul25,1.0684
Neillia_sinensis,VD,2019Jul09,6,full,,,,0.071,0.064,0.063,0.4480,63.017,64.773,yes,2019Jul25,0.1418
Symphoricarpos_mollis,VD,2019Jul09,6,full,,,,0.183,0.150,0.191,0.1482,9.485,10.002,yes,2019Jul25,0.0748
Ampelopsis_megalophylla,UBC,2019Jul15,6,full,,,,0.089,0.089,0.095,0.1795,17.662,17.943,yes,2019Jul25,0.0572
Bretschneidera_sinensis,UBC,2019Jul15,6,full,,,,0.191,0.194,0.198,1.4637,89.553,90.023,yes,2019Jul25,0.5416
Cephalotaxus_harringtonia,UBC,2019Jul15,6,not_full,5.786,5.595,5.312,0.543,0.544,0.589,0.0548,1.113,1.291,yes,2019Jul25,0.0144
Cercidiphyllum_japonicum,UBC,2019Jul15,6,full,,,,0.124,0.136,0.139,0.4139,37.935,38.673,yes,2019Jul25,0.1130
Cornus_kousa,UBC,2019Jul15,6,full,,,,0.157,0.146,0.137,0.2857,21.622,22.408,yes,2019Jul25,0.1368
Dryopteris_erythrosora,UBC,2019Jul15,6,not_full,5.105,4.488,5.386,0.218,0.243,0.237,5.0980,185.901,215.871,yes,2019Jul25,1.9545
Dryopteris_expansa,UBC,2019Jul15,6,not_full,2.996,3.155,2.750,0.160,0.137,0.105,6.1474,131.134,202.234,yes,2019Jul25,1.0818
Magnolia_dawsoniana,UBC,2019Jul15,6,full,,,,0.228,0.218,0.235,1.7368,81.621,82.150,yes,2019Jul25,0.5612
Polystichum_setiferum,UBC,2019Jul15,6,not_full,3.003,5.021,3.223,0.243,0.259,0.234,18.9468,451.394,555.213,yes,2019Jul25,6.7425
Ribes_sanguineum,UBC,2019Jul15,6,full,,,,0.122,0.143,0.155,0.6464,37.702,39.012,yes,2019Jul25,0.2528
Toona_sinensis,UBC,2019Jul15,6,full,,,,0.120,0.136,0.131,0.2328,15.348,16.027,yes,2019Jul25,0.0858
Trillium_ovatum,UBC,2019Jul15,6,full,,,,0.175,0.175,0.173,0.3419,21.260,21.717,yes,2019Jul25,0.0619
Chamaedaphne_calyculata,UBC,2019Jul16,6,not_full,2.771,2.771,2.771,0.145,0.148,0.151,0.0331,2.631,2.800,yes,2019Jul25,0.0251
Corylus_colurna,UBC,2019Jul16,6,full,,,,0.163,0.166,0.135,1.8073,131.117,134.507,yes,2019Jul25,0.9111
Equisetum_scirpoides,UBC,2019Jul16,6,not_full,1.808,1.808,1.808,0.137,0.170,0.131,0.0063,0.021,.194,yes,2019Jul25,0.0041
Glandora_diffusa,UBC,2019Jul16,6,not_full,3.219,3.219,3.219,0.276,0.346,0.310,0.0242,0.948,.958,yes,2019Jul25,0.0069
Liquidambar_formosana,UBC,2019Jul16,6,full,,,,0.174,0.178,0.189,3.3901,143.231,145.973,yes,2019Jul25,1.2599
Microbiota_decussata,UBC,2019Jul16,6,not_full,2.352,3.057,2.058,0.816,0.719,0.686,0.3585,4.833,5.925,yes,2019Jul25,0.1535
Picea_alcoquiana,UBC,2019Jul16,6,not_full,4.197,4.197,4.197,0.689,0.659,0.634,0.0089,0.081,.119,yes,2019Jul25,0.0027
Pinus_cembra,UBC,2019Jul16,6,not_full,3.839,3.537,3.641,0.477,0.493,0.472,0.0400,0.242,.724,yes,2019Jul25,0.0174
Pinus_heldercichii,UBC,2019Jul16,6,not_full,2.275,2.111,1.747,0.574,0.638,0.640,0.0585,0.634,.909,yes,2019Jul25,0.0369
Pinus_sylvestris,UBC,2019Jul16,6,not_full,3.581,3.443,3.027,0.468,0.460,0.482,0.0401,0.268,.646,yes,2019Jul25,0.0256
Shepherdia_canadensis,UBC,2019Jul16,6,not_full,4.743,5.583,5.665,0.168,0.163,0.163,0.1182,7.017,7.825,yes,2019Jul25,0.0547
Angelica_archangelica,VD,2019Jul18,6,full,,,,0.195,0.193,0.188,1.7816,77.485,84.817,yes,2019Jul25,0.4355
Dryopteris_dilatata,VD,2019Jul18,6,not_full,4.052,2.908,3.795,0.154,0.129,0.160,1.7443,96.268,112.217,yes,2019Jul25,0.4976
Erica_cinerea,VD,2019Jul18,6,not_full,1.846,1.797,1.823,0.072,0.072,0.072,0.0002,0.018,.046,yes,2019Jul25,0.000013
Euptelea_polyandra,VD,2019Jul18,6,full,,,,0.105,0.089,0.106,0.9468,96.555,99.259,yes,2019Jul25,0.2834
Picea_abies,VD,2019Jul18,6,not_full,4.139,4.652,4.478,0.296,0.396,0.376,0.0044,0.052,.109,yes,2019Jul25,0.0016
Rhus_glabra,VD,2019Jul18,6,not_full,3.351,5.031,4.825,0.138,0.143,0.161,0.1487,9.612,9.661,yes,2019Jul25,0.9745
Sarracenia_minor,VD,2019Jul18,6,not_full,2.398,3.826,1.981,0.440,0.529,0.632,1.0382,16.059,16.894,yes,2019Jul25,0.1721
Syringa_oblata,VD,2019Jul18,6,full,,,,0.288,0.289,0.300,1.2502,37.503,39.617,yes,2019Jul25,0.3940
Verbascum_nigrum,VD,2019Jul18,6,full,,,,0.177,0.147,0.144,3.0280,134.756,138.987,yes,2019Jul25,0.4756
Zelkova_serrata,VD,2019Jul18,6,full,,,,0.145,0.143,0.157,0.3988,27.970,29.026,yes,2019Jul25,0.1836
Arbutus_unedo,VD,2019Jun01,6,full,,,,0.207,0.204,0.202,0.2468,11.654,12.082,yes,2019Jun05,0.1053
Asimina_triloba,VD,2019Jun01,6,full,,,,0.106,0.092,0.099,1.5829,81.001,83.012,yes,2019Jun05,0.2502
Azara_serrata,VD,2019Jun01,6,full,,,,0.179,0.173,0.181,0.1925,10.077,10.729,yes,2019Jun05,0.0519
Chelone_lyonii,VD,2019Jun01,6,full,,,,0.170,0.142,0.153,0.2595,14.613,14.811,yes,2019Jun05,0.0672
Geranium_tuberosum,VD,2019Jun01,6,not_full,5.402,4.410,5.217,0.181,0.216,0.143,0.7790,23.171,26.585,yes,2019Jun05,0.1414
Pachysandra_procumbens,VD,2019Jun01,6,full,,,,0.182,0.192,0.181,1.0595,50.550,51.304,yes,2019Jun05,0.2215
Platanus_orientalis,VD,2019Jun01,6,full,,,,0.186,0.162,0.151,1.5565,109.269,111.977,yes,2019Jun05,0.4223
Podophyllum_peltatum,VD,2019Jun01,6,full,,,,0.199,0.172,0.195,18.3440,685.764,709.766,yes,2019Jun05,2.8875
Polypodium_vulgare,VD,2019Jun01,6,not_full,3.141,5.454,4.385,0.254,0.219,0.214,1.0962,28.028,34.621,yes,2019Jun05,0.2233
Polystichum_acrostichoides,VD,2019Jun01,6,not_full,4.980,5.630,3.182,0.365,0.197,0.319,4.2106,146.431,167.764,yes,2019Jun05,1.1294
Aesculus_pavia,UBC,2019Jun02,6,full,,,,0.145,0.184,0.169,3.8133,165.060,167.482,yes,2019Jun05,0.9731
Cornus_kousa,UBC,2019Jun02,6,full,,,,0.178,0.171,0.163,0.4427,25.009,24.946,yes,2019Jun05,0.1968
Corylus_colurna,UBC,2019Jun02,6,full,,,,0.110,0.134,0.137,1.0586,89.213,91.700,yes,2019Jun05,0.4516
Itea_virginica,UBC,2019Jun02,6,not_full,4.455,5.720,5.070,0.105,0.120,0.132,0.1460,11.007,10.975,yes,2019Jun05,0.0382
Ribes_sanguineum,UBC,2019Jun02,6,full,,,,0.155,0.104,0.186,0.6708,41.009,41.657,yes,2019Jun05,0.2875
Sanguinaria_canadensis,UBC,2019Jun02,6,full,,,,0.236,0.230,0.212,3.0697,129.504,135.031,yes,2019Jun05,0.5396
Sassafras_albidum,UBC,2019Jun02,6,full,,,,0.088,0.082,0.070,0.8631,74.352,78.287,yes,2019Jun05,0.2096
Trillium_ovatum,UBC,2019Jun02,6,full,,,,0.149,0.101,0.140,0.2356,17.695,17.145,yes,2019Jun05,0.0538
Boehmeria_platanifolia,UBC,2019Jun03,6,full,,,,0.166,0.200,0.227,2.2572,86.202,88.080,yes,2019Jun05,0.5008
Bretschneidera_sinensis,UBC,2019Jun03,6,full,,,,0.185,0.183,0.159,1.3289,86.194,86.634,yes,2019Jun05,0.3283
Cercidiphyllum_japonicum,UBC,2019Jun03,6,full,,,,0.129,0.133,0.131,0.3502,30.329,30.041,yes,2019Jun05,0.0941
Dryopteris_wallichiana,UBC,2019Jun03,6,not_full,4.067,4.167,3.968,0.141,0.162,0.175,12.4900,666.061,694.875,yes,2019Jun05,2.2016
Emmenopterys_henryi,UBC,2019Jun03,6,full,,,,0.189,0.185,0.181,1.3978,58.091,57.654,yes,2019Jun05,0.3206
Helwingia_chinensis,UBC,2019Jun03,6,not_full,1.562,2.857,3.270,0.270,0.298,0.282,0.1484,5.047,5.536,yes,2019Jun05,0.0445
Luzula_sylvatica,UBC,2019Jun03,6,not_full,2.036,3.919,3.667,0.212,0.218,0.236,0.8298,38.787,44.771,yes,2019Jun05,0.2142
Rehderodendron_macrocarpum,UBC,2019Jun03,6,full,,,,0.223,0.219,0.215,1.5508,68.111,69.914,yes,2019Jun05,0.5213
Rhododendron_morii,UBC,2019Jun03,6,full,,,,0.436,0.434,0.441,0.6152,13.754,14.021,yes,2019Jun05,0.1844
Staphylea_bumalda,UBC,2019Jun03,6,full,,,,0.174,0.182,0.190,1.2052,71.672,73.866,yes,2019Jun05,0.3121
Tapiscia_sinensis,UBC,2019Jun03,6,full,,,,0.166,0.189,0.204,1.6718,79.414,80.956,yes,2019Jun05,0.4634
Daphniphyllum_macropodum,UBC,2019Jun06,6,full,,,,0.215,0.257,0.265,1.7845,65.766,66.353,yes,2019Jun17,0.6772
Disanthus_cercidifolius,UBC,2019Jun06,6,full,,,,0.105,0.126,0.130,0.9314,86.628,87.022,yes,2019Jun17,0.2095
Ginkgo_biloba,UBC,2019Jun06,6,full,,,,0.377,0.361,0.379,0.9214,22.179,22.524,yes,2019Jun17,0.2571
Iris_wilsonii,UBC,2019Jun06,6,not_full,1.074,2.189,1.662,0.223,0.362,0.486,0.8256,23.747,29.393,yes,2019Jun17,0.1879
Matteuccia_struthiopteris,UBC,2019Jun06,6,not_full,4.306,3.706,3.953,0.105,0.119,0.125,5.6808,274.916,358.354,yes,2019Jun17,1.1401
Rhododendron_barbatum,UBC,2019Jun06,6,full,,,,0.184,0.171,0.146,0.6050,21.598,21.626,yes,2019Jun17,0.1128
Stachyurus_chinensis,UBC,2019Jun06,6,full,,,,0.127,0.135,0.137,1.0522,80.563,80.869,yes,2019Jun17,0.2173
Stewartia_serrata,UBC,2019Jun06,6,full,,,,0.147,0.149,0.126,0.1850,15.277,15.497,yes,2019Jun17,0.0399
Trochodendron_aralioides,UBC,2019Jun06,6,full,,,,0.231,0.236,0.268,0.6118,23.734,24.345,yes,2019Jun17,0.1587
Actinidia_kolomikta,UBC,2019Jun08,6,full,,,,0.158,0.116,0.114,0.6419,45.734,46.428,yes,2019Jun17,0.1728
Aucuba_chinensis,UBC,2019Jun08,6,full,,,,0.213,0.231,0.241,1.9280,60.762,91.943,yes,2019Jun17,0.3774
Catalpa_fargesii,UBC,2019Jun08,6,full,,,,0.083,0.101,0.099,0.9166,58.791,59.997,yes,2019Jun17,0.1475
Clethra_delavayi,UBC,2019Jun08,6,full,,,,0.180,0.195,0.231,1.2153,47.709,48.196,yes,2019Jun17,0.2873
Decaisnea_insignis,UBC,2019Jun08,6,full,,,,0.073,0.094,0.107,0.2876,26.385,26.388,yes,2019Jun17,0.0638
Eurya_japonica,UBC,2019Jun08,6,full,,,,0.221,0.202,0.185,0.3082,12.277,12.993,yes,2019Jun17,0.1349
Rhododendron_degronianum,UBC,2019Jun08,6,full,,,,0.595,0.581,0.595,2.7487,43.713,46.856,yes,2019Jun17,1.4418
Rhododendron_hyperythrum,UBC,2019Jun08,6,full,,,,0.311,0.305,0.344,1.6909,37.056,38.706,yes,2019Jun17,0.2857
Schefflera_delavayi,UBC,2019Jun08,6,full,,,,0.362,0.388,0.378,10.3927,265.147,270.828,yes,2019Jun17,4.3832
Sciadopitys_verticillata,UBC,2019Jun08,6,not_full,1.967,2.788,3.424,0.563,0.488,0.510,0.1281,0.961,2.875,yes,2019Jun17,0.0448
Viburnum_davidii,UBC,2019Jun08,6,full,,,,0.224,0.268,0.256,1.4367,47.590,49.075,yes,2019Jun17,0.4351
Ampelopsis_megalophylla,UBC,2019Jun09,6,full,,,,0.081,0.095,0.089,0.6664,48.314,48.605,yes,2019Jun17,0.1367
Cephalotaxus_harringtonia,UBC,2019Jun09,6,not_full,3.733,3.733,3.733,0.600,0.517,0.611,0.0644,0.936,1.160,yes,2019Jun17,0.0260
Drimys_winteri,UBC,2019Jun09,6,full,,,,0.378,0.360,0.359,0.9771,23.179,23.505,yes,2019Jun17,0.4452
Dryopteris_erythrosora,UBC,2019Jun09,6,not_full,5.274,3.977,4.452,0.200,0.152,0.183,7.4783,209.970,291.379,yes,2019Jun17,1.6681
Magnolia_dawsoniana,UBC,2019Jun09,6,full,,,,0.212,0.215,0.208,2.5176,104.540,108.701,yes,2019Jun17,0.7050
Meliosma_veitchiorum,UBC,2019Jun09,6,full,,,,0.182,0.176,0.155,2.1499,105.615,108.251,yes,2019Jun17,0.5940
Paeonia_delavayi,UBC,2019Jun09,6,full,,,,0.120,0.112,0.109,1.9548,114.645,122.827,yes,2019Jun17,0.4290
Quercus_macranthera,UBC,2019Jun09,6,full,,,,0.107,0.103,0.134,1.8192,131.183,133.556,yes,2019Jun17,0.4997
Toona_sinensis,UBC,2019Jun09,6,full,,,,0.128,0.119,0.121,0.5450,29.927,30.383,yes,2019Jun17,2.9427
Abies_koreana,VD,2019Jun11,6,not_full,5.597,5.250,4.695,0.383,0.453,0.419,0.0142,0.352,0.393,yes,2019Jun17,0.0051
Adiantum_pedatum,VD,2019Jun11,6,not_full,4.427,4.053,4.140,0.079,0.082,0.072,2.2763,172.357,180.607,yes,2019Jun17,0.6757
Ailanthus_altissima,VD,2019Jun11,6,full,,,,0.161,0.156,0.143,0.5138,30.203,30.474,yes,2019Jun17,0.1824
Anaphalis_margaritacea,VD,2019Jun11,6,not_full,1.673,2.147,3.037,0.198,0.176,0.204,0.1942,7.867,8.527,yes,2019Jun17,0.0349
Molinia_caerulea,VD,2019Jun11,6,not_full,0.171,1.566,0.519,0.113,0.174,0.182,0.2552,4.711,10.768,yes,2019Jun17,0.0484
Morus_australis,VD,2019Jun11,6,full,,,,0.102,0.139,0.120,2.2345,134.713,139.543,yes,2019Jun17,0.5436
Neillia_sinensis,VD,2019Jun11,6,full,,,,0.063,0.059,0.790,0.3451,51.066,51.823,yes,2019Jun17,0.0789
Paulownia_tomentosa,VD,2019Jun11,6,full,,,,0.127,0.119,0.109,1.6034,82.583,86.143,yes,2019Jun17,0.3261
Symphoricarpos_mollis,VD,2019Jun11,6,full,,,,0.184,0.160,0.169,0.1501,11.205,11.342,yes,2019Jun17,0.0685
Colchicum_autumnale,UBC,2019Jun12,6,full,,,,0.619,0.441,0.684,11.2904,252.014,259.056,yes,2019Jun17,1.4189
Embothrium_coccineum,UBC,2019Jun12,6,full,,,,0.320,0.344,0.311,0.6887,25.398,26.174,yes,2019Jun17,0.2053
Ephedra_frustillata,UBC,2019Jun12,6,not_full,3.550,3.550,3.550,0.726,0.680,0.643,0.4596,3.979,6.060,yes,2019Jun17,0.2047
Escallonia_rubra,UBC,2019Jun12,6,not_full,3.122,3.122,3.122,0.213,0.244,0.250,0.0445,3.155,3.469,yes,2019Jun17,0.0178
Fragaria_chiloensis,UBC,2019Jun12,6,full,,,,0.319,0.289,0.290,0.2701,10.459,11.792,yes,2019Jun17,0.1175
Gunnera_monoica,UBC,2019Jun12,6,full,,,,0.237,0.231,0.212,0.2179,8.170,8.908,yes,2019Jun17,0.0643
Haberlea_rhodopensis,UBC,2019Jun12,6,full,,,,0.543,0.495,0.593,1.1568,22.143,23.566,yes,2019Jun17,0.3081
Halocarpus_bidwilii,UBC,2019Jun12,6,not_full,2.356,2.522,2.339,0.529,0.695,0.642,0.0263,0.230,0.412,yes,2019Jun17,0.0141
Kniphofia_rooperi,UBC,2019Jun12,6,not_full,1.974,3.409,3.740,0.525,0.569,0.572,3.0638,49.748,56.419,yes,2019Jun17,0.5211
Verbena_rigida,UBC,2019Jun12,6,not_full,4.822,4.604,3.715,0.212,0.206,0.184,0.1026,7.732,8.276,yes,2019Jun17,0.0525
Viola_odorata,UBC,2019Jun12,6,full,,,,0.182,0.177,0.17,0.6164,29.330,30.378,yes,2019Jun17,0.2122
Abies_pinsapo,UBC,2019Jun13,2,not_full,1.798,1.798,1.798,0.519,0.465,0.524,0.0128,0.339,0.388,yes,2019Jun17,0.0072
Berberis_darwinii,UBC,2019Jun13,2,not_full,,,,0.369,0.370,0.356,0.0262,1.327,1.596,yes,2019Jun17,0.0187
Chamaedaphne_calyculata,UBC,2019Jun13,2,not_full,1.633,1.811,1.688,0.205,0.202,0.215,0.0308,2.387,2.556,yes,2019Jun17,0.0257
Cistus_laurifolius,UBC,2019Jun13,2,full,,,,0.325,0.345,0.339,0.1249,3.347,4.667,yes,2019Jun17,0.0619
Crinodendron_hookerianum,UBC,2019Jun13,2,full,,,,0.255,0.246,0.247,0.0893,4.021,4.478,yes,2019Jun17,0.0447
Dianthus_microlepis,UBC,2019Jun13,2,not_full,0.816,0.875,0.868,0.307,0.274,0.308,0.0104,0.375,0.467,yes,2019Jun17,0.0035
Fuchsia_magellanica,UBC,2019Jun13,2,not_full,1.067,1.344,1.400,0.183,0.175,0.173,0.0102,0.422,1.889,yes,2019Jun17,0.0099
Gentiana_acaulis,UBC,2019Jun13,2,not_full,1.367,1.618,1.282,0.397,0.392,0.379,0.1022,2.809,3.234,yes,2019Jun17,0.0309
Jovellana_violacea,UBC,2019Jun13,2,full,,,,0.363,0.347,0.308,0.0392,2.422,3.507,yes,2019Jun17,0.0166
Lathyrus_vernus,UBC,2019Jun13,2,full,,,,0.141,0.126,0.140,0.0699,8.649,9.404,yes,2019Jun17,0.0388
Pinus_cembra,UBC,2019Jun13,2,not_full,1.447,1.695,1.729,0.522,0.401,0.490,0.0348,0.371,0.821,yes,2019Jun17,0.0176
Pinus_heldercichii,UBC,2019Jun13,2,not_full,1.089,1.089,1.064,0.721,0.656,0.646,0.0492,0.291,0.814,yes,2019Jun17,0.0320
Rhamnus_alpina,UBC,2019Jun13,2,full,,,,0.179,0.163,0.216,0.2250,17.617,18.367,yes,2019Jun17,0.0997
Arachniodes_simplicior,VD,2019Jun14,2,not_full,1.146,1.880,1.459,0.252,0.210,0.251,12.2677,383.182,385.282,yes,2019Jun25,2.5941
Dicksonia_antarctica,VD,2019Jun14,2,not_full,1.854,1.983,1.449,0.199,0.254,0.315,53.6961,"1,629.524",1886.813,yes,2019Jun25,12.5356
Cypripedium_japonicum,VD,2019Jun15,2,full,,,,0.198,0.188,0.218,5.8933,255.889,260.553,yes,2019Jun25,1.1569
Datisca_cannabina,VD,2019Jun15,2,full,,,,0.113,0.107,0.110,4.0445,189.370,219.27,yes,2019Jun25,0.8483
Dryopteris_carthusiana,VD,2019Jun15,2,not_full,1.590,1.530,1.786,0.045,0.036,0.052,9.1920,365.927,415.797,yes,2019Jun25,1.1944
Dryopteris_goldiana,VD,2019Jun15,2,full,,,,0.184,0.171,0.179,6.4717,256.670,273.832,yes,2019Jun25,1.1279
Euptelea_polyandra,VD,2019Jun15,2,full,,,,0.085,0.079,0.077,0.4180,50.106,51.013,yes,2019Jun25,0.1049
Gymnocarpium_dryopteris,VD,2019Jun15,2,not_full,1.820,1.903,1.639,0.060,0.052,0.055,0.1138,9.309,10.028,yes,2019Jun25,0.0263
Lysimachia_clethroides,VD,2019Jun15,2,full,,,,0.156,0.149,0.143,0.3582,19.955,20.278,yes,2019Jun25,0.0562
Osmunda_regalis,VD,2019Jun15,2,full,,,,0.063,0.113,0.114,10.9140,643.381,517.352,yes,2019Jun25,1.8715
Persicaria_campanulata,VD,2019Jun15,2,full,,,,0.148,0.160,0.141,1.3437,58.987,58.258,yes,2019Jun25,0.1710
Rhododendron_campylocarpum,VD,2019Jun15,2,full,,,,0.320,0.324,0.291,1.0441,31.628,32.427,yes,2019Jun25,0.3308
Zelkova_serrata,VD,2019Jun15,2,full,,,,0.217,0.149,0.206,0.3594,23.709,25.556,yes,2019Jun25,0.1497
Anemone_rivularis,UBC,2019Jun16,2,full,,,,0.349,0.343,0.290,5.0802,107.555,117.611,yes,2019Jun25,0.9877
Aristolochia_tormentosa,UBC,2019Jun16,2,full,,,,0.097,0.080,0.089,0.3139,22.139,25.719,yes,2019Jun25,0.0533
Calycanthus_floridus,UBC,2019Jun16,2,full,,,,0.173,0.179,0.155,0.3916,17.599,19.006,yes,2019Jun25,0.1225
Ceratostigma_minus,UBC,2019Jun16,2,full,,,,0.317,0.282,0.287,0.3544,7.911,9.781,yes,2019Jun25,0.0898
Hydrangea_quercifolia,UBC,2019Jun16,2,full,,,,0.122,0.131,0.136,2.9886,141.245,156.790,yes,2019Jun25,0.4308
Lysichiton_camtschatcensis,UBC,2019Jun16,2,full,,,,0.300,0.287,0.314,12.8128,305.884,319.168,yes,2019Jun25,1.4637
Shepherdia_canadensis,UBC,2019Jun16,2,full,,,,0.163,0.141,0.165,0.2712,10.435,12.094,yes,2019Jun25,0.0896
Thelypteris_novaboracensis,UBC,2019Jun16,2,not_full,1.705,1.651,1.396,0.084,0.054,0.093,1.0178,74.628,105.716,yes,2019Jun25,0.2864
Tsuga_sieboldii,UBC,2019Jun16,2,not_full,1.474,1.264,1.434,0.479,0.489,0.464,0.0132,0.019,0.301,yes,2019Jun25,0.0059
Angelica_archangelica,VD,2019Jun17,2,full,,,,0.154,0.171,0.183,3.2663,140.978,145.565,yes,2019Jun25,0.7610
Canna_indica,VD,2019Jun17,2,full,,,,0.194,0.216,0.268,1.6031,55.516,60.934,yes,2019Jun25,0.3182
Chelone_lyonii,VD,2019Jun17,2,full,,,,0.124,0.138,0.134,0.2276,14.620,15.633,yes,2019Jun25,0.0698
Dryopteris_dilatata,VD,2019Jun17,2,not_full,1.557,1.590,1.638,0.149,0.145,0.114,2.2195,91.382,127.915,yes,2019Jun25,0.7131
Erica_cinerea,VD,2019Jun17,2,not_full,0.676,0.696,0.724,0.107,0.107,0.107,0.0001,0.015,.033,yes,2019Jul25,0.000008
Picea_abies,VD,2019Jun17,2,not_full,1.752,1.875,1.844,0.327,0.340,0.342,0.0034,0.061,0.140,yes,2019Jun25,0.0013
Podophyllum_peltatum,VD,2019Jun17,2,full,,,,0.195,0.192,0.208,20.0525,727.525,732.028,yes,2019Jun25,3.1495
Rhus_glabra,VD,2019Jun17,2,full,,,,0.122,0.134,0.134,1.6636,94.038,103.00,yes,2019Jun25,0.5715
Sarracenia_minor,VD,2019Jun17,2,full,,,,0.359,0.487,0.642,0.9752,19.549,20.578,yes,2019Jun25,0.2531
Scirpus_microcarpus,VD,2019Jun17,2,not_full,0.838,1.253,1.258,0.149,0.176,0.268,0.3289,14.434,19.467,yes,2019Jun25,0.0806
Syringa_oblata,VD,2019Jun17,2,full,,,,0.188,0.171,0.191,0.5218,21.366,22.161,yes,2019Jun25,0.1985
Verbascum_nigrum,VD,2019Jun17,2,full,,,,0.184,0.168,0.149,8.6425,295.252,320.138,yes,2019Jun25,1.1171
Acorus_americanus,UBC,2019Jun18,2,full,,,,0.179,0.216,1.405,8.1583,196.846,203.702,yes,2019Jun25,1.4820
Dryopteris_expansa,UBC,2019Jun18,2,not_full,1.256,1.428,1.612,0.275,0.137,0.202,7.2235,161.133,241.093,yes,2019Jul03,1.5793
Liquidambar_formosana,UBC,2019Jun18,2,full,,,,0.190,0.193,0.205,1.9764,89.508,90.361,yes,2019Jun25,0.6587
Microbiota_decussata,UBC,2019Jun18,2,not_full,1.320,1.399,1.428,0.705,0.664,0.387,0.7098,9.924,12.103,yes,2019Jun25,0.3174
Myrica_gale,UBC,2019Jun18,2,not_full,1.394,1.356,1.071,0.155,0.118,0.137,0.0278,2.549,2.765,yes,2019Jun25,0.0194
Oxalis_oregana,UBC,2019Jun18,2,full,,,,0.128,0.153,0.129,0.2471,16.471,17.570,yes,2019Jun25,0.0206
Picea_alcoquiana,UBC,2019Jun18,2,not_full,1.589,1.790,1.494,0.829,0.861,0.724,0.0079,0.108,0.098,yes,2019Jun25,0.0036
Polystichum_setiferum,UBC,2019Jun18,2,not_full,1.531,0.894,1.282,0.237,0.219,0.219,16.8555,402.872,477.919,yes,2019Jun25,5.4268
Tolmeia_menziesii,UBC,2019Jun18,2,full,,,,0.105,0.089,0.108,0.0390,4.604,5.068,yes,2019Jun25,0.0138
Tsuga_mertensiana,UBC,2019Jun18,2,not_full,1.457,1.377,1.252,0.256,0.259,0.224,0.0051,0.173,0.201,yes,2019Jun25,0.0036
Vaccinium_deliciosum,UBC,2019Jun18,2,full,,,,0.060,0.060,0.058,0.0171,4.270,5.118,yes,2019Jun25,0.0118
Aesculus_pavia,UBC,2019Jun19,6,full,,,,0.211,0.214,0.234,4.4133,165.318,172.520,yes,2019Jun03,1.4204
Aristolochia_tormentosa,UBC,2019Jun19,6,full,,,,0.123,0.089,0.087,0.5661,43.284,45.509,yes,2019Jun25,0.1044
Calycanthus_floridus,UBC,2019Jun19,6,full,,,,0.165,0.164,0.159,0.2370,14.875,15.219,yes,2019Jun25,0.0964
Crinodendron_hookerianum,UBC,2019Jun19,6,not full,3.411,3.697,3.236,0.271,0.268,0.246,0.1684,5.567,6.304,yes,2019Jun25,0.0739
Hydrangea_quercifolia,UBC,2019Jun19,6,full,,,,0.124,0.104,0.127,2.1485,99.805,105.488,yes,2019Jun25,0.3308
Itea_virginica,UBC,2019Jun19,6,full,,,,0.113,0.119,0.110,0.1436,12.736,13.183,yes,2019Jun25,0.0408
Pinus_sylvestris,UBC,2019Jun19,6,not full,2.429,2.429,2.429,0.479,0.446,0.394,0.0235,0.376,.488,yes,2019Jun25,0.0089
Sanguinaria_canadensis,UBC,2019Jun19,6,full,,,,0.205,0.186,0.173,1.8095,65.337,69.698,yes,2019Jun25,0.2775
Sassafras_albidum,UBC,2019Jun19,6,full,,,,0.105,0.106,0.102,0.9796,86.055,87.724,yes,2019Jun25,0.2881
Thelypteris_novaboracensis,UBC,2019Jun19,6,not full,5.494,4.128,4.223,0.006,0.007,0.006,3.0790,259.516,315,yes,2019Jun25,0.8696
Boehmeria_platanifolia,UBC,2019Jun20,6,full,,,,0.261,0.233,0.261,2.5076,106.547,110.096,yes,2019Jun03,0.5572
Disanthus_cercidifolius,UBC,2019Jun20,6,full,,,,0.106,0.116,0.111,0.4267,50.863,52.809,yes,2019Jun03,0.1545
Dryopteris_wallichiana,UBC,2019Jun20,6,not_full,5.211,5.322,4.758,0.182,0.199,0.183,27.5027,777.235,868.563,yes,2019Jun03,6.0182
Emmenopterys_henryi,UBC,2019Jun20,6,full,,,,0.244,0.237,0.263,3.9169,128.364,130.372,yes,2019Jun03,0.8147
Helwingia_chinensis,UBC,2019Jun20,6,not_full,2.052,2.547,2.728,0.273,0.265,0.265,0.0953,3.762,4.005,yes,2019Jun03,0.0387
Luzula_sylvatica,UBC,2019Jun20,6,not_full,1.798,3.490,3.454,0.212,0.232,0.262,0.7366,31.797,45.266,yes,2019Jun03,0.2248
Rehderodendron_macrocarpum,UBC,2019Jun20,6,full,,,,0.251,0.274,0.298,1.8710,65.930,66.894,yes,2019Jun03,0.7281
Rhododendron_barbatum,UBC,2019Jun20,6,full,,,,0.188,0.209,0.237,0.6033,23.868,25.569,yes,2019Jun03,0.1598
Rhododendron_morii,UBC,2019Jun20,6,full,,,,0.451,0.455,0.443,0.7753,15.869,16.817,yes,2019Jun03,0.2935
Staphylea_bumalda,UBC,2019Jun20,6,full,,,,0.126,0.129,0.130,0.7732,58.257,61.548,yes,2019Jun03,0.2160
Tapiscia_sinensis,UBC,2019Jun20,6,full,,,,0.160,0.173,0.178,1.8833,86.561,90.051,yes,2019Jun03,0.5562
Arbutus_unedo,VD,2019Jun21,6,full,,,,0.196,0.190,0.197,0.2376,12.285,12.751,yes,2019Jun03,0.0783
Asimina_triloba,VD,2019Jun21,6,full,,,,0.113,0.103,0.093,2.9189,260.331,264.185,yes,2019Jun03,0.6640
Azara_serrata,VD,2019Jun21,6,full,,,,0.213,0.186,0.193,0.2518,15.115,15.691,yes,2019Jun03,0.0816
Canna_indica,VD,2019Jun21,6,full,,,,0.216,0.244,0.301,1.6853,59.061,62.798,yes,2019Jun03,0.3901
Chelone_lyonii,VD,2019Jun21,6,full,,,,0.146,0.165,0.149,0.3474,18.792,19.219,yes,2019Jun03,0.1038
Geranium_tuberosum,VD,2019Jun21,6,not_full,3.781,4.131,5.641,0.228,0.174,0.138,0.6081,22.641,25.541,yes,2019Jun03,0.1114
Pachysandra_procumbens,VD,2019Jun21,6,full,,,,0.192,0.176,0.182,0.8914,43.799,45.364,yes,2019Jun03,0.2111
Platanus_orientalis,VD,2019Jun21,6,full,,,,0.144,0.149,0.196,4.3351,280.603,286.197,yes,2019Jun03,1.1686
Podophyllum_peltatum,VD,2019Jun21,6,full,,,,0.208,0.213,0.190,17.2613,616.048,656.497,yes,2019Jun03,2.2738
Polypodium_vulgare,VD,2019Jun21,6,not_full,4.223,4.974,4.940,0.289,0.274,0.283,1.3256,43.094,51.065,yes,2019Jun03,0.3448
Polystichum_acrostichoides,VD,2019Jun21,6,not_full,5.973,5.429,3.124,0.332,0.313,0.236,3.5938,125.997,146.445,yes,2019Jun03,1.0559
Scirpus_microcarpus,VD,2019Jun21,6,not_full,1.192,2.271,2.957,0.380,0.240,0.141,0.3932,18.880,23.198,yes,2019Jun03,0.1243
Daphniphyllum_macropodum,UBC,2019Jun22,6,full,,,,0.264,0.261,0.240,2.5564,86.097,87.902,yes,2019Jun03,0.6823
Drimys_winteri,UBC,2019Jun22,6,full,,,,0.424,0.419,0.403,1.2706,28.860,29.940,yes,2019Jun03,0.3371
Ginkgo_biloba,UBC,2019Jun22,6,not_full,5.539,5.229,6.000,0.437,0.406,0.455,0.8288,19.919,21.091,yes,2019Jun03,0.3060
Iris_wilsonii,UBC,2019Jun22,6,not_full,2.361,3.409,2.469,0.287,0.334,0.337,1.6001,41.970,51.774,yes,2019Jun03,0.4026
Matteuccia_struthiopteris,UBC,2019Jun22,6,not_full,,,,0.107,0.110,0.136,2.8952,185.112,233.143,yes,2019Jun03,0.4211
Meliosma_veitchiorum,UBC,2019Jun22,6,full,,,,0.181,0.175,0.166,2.2986,109.659,111.781,yes,2019Jun03,0.5570
Paeonia_delavayi,UBC,2019Jun22,6,full,,,,0.165,0.158,0.177,5.6803,223.565,244.664,yes,2019Jun03,1.5892
Stachyurus_chinensis,UBC,2019Jun22,6,full,,,,0.152,0.173,0.155,1.6788,101.347,109.994,yes,2019Jun03,0.3869
Stewartia_serrata,UBC,2019Jun22,6,full,,,,0.142,0.173,0.184,0.1931,14.133,14.647,yes,2019Jun03,0.0381
Trochodendron_aralioides,UBC,2019Jun22,6,full,,,,0.242,0.228,0.257,0.3298,13.656,14.497,yes,2019Jun03,0.0904
Abies_pinsapo,UBC,2019Jun25,2,not_full,1.620,1.523,1.686,0.583,0.630,0.557,0.0167,0.205,.288,yes,2019Jun03,0.0074
Berberis_darwinii,UBC,2019Jun25,2,not_full,1.045,1.045,1.045,0.315,0.298,0.331,0.0301,0.975,1.048,yes,2019Jun03,0.0167
Escallonia_rubra,UBC,2019Jun25,2,not_full,1.639,1.770,0.946,0.168,0.145,0.164,0.0469,2.921,3.076,yes,2019Jun03,0.0190
Fragaria_chiloensis,UBC,2019Jun25,2,full,,,,0.274,0.278,0.233,0.1544,5.221,5.878,yes,2019Jun03,0.0729
Gentiana_acaulis,UBC,2019Jun25,2,not_full,1.371,1.582,1.126,0.231,0.297,0.340,0.1071,3.100,3.460,yes,2019Jun03,0.0383
Glandora_diffusa,UBC,2019Jun25,2,not_full,0.670,0.670,0.670,0.256,0.226,0.186,0.0044,0.219,.219,yes,2019Jun03,0.0058
Gunnera_monoica,UBC,2019Jun25,2,full,,,,0.179,0.188,0.179,0.1667,6.345,6.876,yes,2019Jun03,0.0513
Haberlea_rhodopensis,UBC,2019Jun25,2,full,,,,0.593,0.595,0.708,1.6574,27.672,29.120,yes,2019Jun03,0.4656
Halocarpus_bidwilii,UBC,2019Jun25,2,not_full,0.627,0.480,0.518,0.746,0.910,0.930,0.0396,0.302,.421,yes,2019Jun03,0.0218
Hypericum_densiflorum,UBC,2019Jun25,2,not_full,0.418,0.418,0.418,0.214,0.201,0.191,0.0053,0.221,.282,yes,2019Jun03,0.0042
Jovellana_violacea,UBC,2019Jun25,2,not_full,1.654,1.654,1.654,0.379,0.351,0.237,0.0502,1.844,2.078,yes,2019Jun03,0.0115
Lathyrus_vernus,UBC,2019Jun25,2,full,,,,0.107,0.097,0.103,0.0766,8.288,8.728,yes,2019Jun03,0.0332
Aesculus_pavia,UBC,2019May06,6,full,,,,0.138,0.128,0.140,1.8040,88.034,85.818,yes,2019May10,0.4088
Cornus_kousa,UBC,2019May06,6,full,,,,0.115,0.117,0.112,0.2140,19.397,18.511,yes,2019May10,0.0756
Corylus_colurna,UBC,2019May06,6,full,,,,0.094,0.090,0.098,0.4220,42.312,41.367,yes,2019May10,0.1463
Itea_virginica,UBC,2019May06,6,full,,,,0.144,0.122,0.100,0.1420,14.066,14.719,yes,2019May10,0.0636
Ribes_sanguineum,UBC,2019May06,6,full,,,,0.123,0.125,0.122,0.6060,37.840,38.390,yes,2019May10,0.1904
Sanguinaria_canadensis,UBC,2019May06,6,full,,,,0.206,0.199,0.203,3.7670,140.984,147.148,yes,2019May10,0.4711
Sassafras_albidum,UBC,2019May06,6,not_full,3.869,3.869,3.869,0.172,0.159,0.139,0.0700,4.790,4.102,yes,2019May10,0.0187
Shepherdia_canadensis,UBC,2019May06,6,full,,,,0.222,0.245,0.179,0.1830,8.662,8.616,yes,2019May10,0.0581
Trillium_ovatum,UBC,2019May06,6,full,,,,0.156,0.162,0.154,0.2540,16.110,16.536,yes,2019May10,0.0396
Angelica_archangelica,VD,2019May07,6,full,,,,0.197,0.204,0.189,6.1010,170.934,232.916,yes,2019May10,1.0441
Arbutus_unedo,VD,2019May07,6,full,,,,0.273,0.267,0.267,0.2930,10.320,10.733,yes,2019May10,0.1538
Azara_serrata,VD,2019May07,6,full,,,,0.333,0.349,0.295,0.2770,8.951,9.095,yes,2019May10,0.1228
Geranium_tuberosum,VD,2019May07,6,not_full,4.725,4.836,5.024,0.200,0.147,0.165,1.1220,32.167,35.314,yes,2019May10,0.1385
Pachysandra_procumbens,VD,2019May07,6,full,,,,0.161,0.193,0.160,0.3560,15.952,16.430,yes,2019May10,0.0627
Platanus_orientalis,VD,2019May07,6,full,,,,0.127,0.148,0.133,1.0360,55.925,61.137,yes,2019May10,0.1864
Polypodium_vulgare,VD,2019May07,6,not_full,3.851,5.687,4.197,0.248,0.262,0.233,1.3460,46.842,51.547,yes,2019May10,0.4426
Sarracenia_minor,VD,2019May07,6,not_full,2.810,5.172,3.228,0.688,0.548,0.640,2.0330,29.822,30.074,yes,2019May10,0.4604
Verbascum_nigrum,VD,2019May07,6,full,,,,0.205,0.196,0.216,1.7010,48.964,50.582,yes,2019May10,0.2480
Boehmeria_platanifolia,UBC,2019May08,6,full,,,,0.235,0.228,0.214,1.0900,39.407,40.044,yes,2019May10,0.2215
Cephalotaxus_harringtonia,UBC,2019May08,6,not_full,5.474,5.566,5.277,0.602,0.578,0.615,0.0833,0.924,0.905,yes,2019May10,0.0257
Dryopteris_wallichiana,UBC,2019May08,6,not_full,4.756,3.595,5.092,0.173,0.160,0.120,0.3200,18.085,18.750,yes,2019May10,0.1123
Emmenopterys_henryi,UBC,2019May08,6,full,,,,0.173,0.158,0.168,0.5400,25.973,26.933,yes,2019May10,0.0943
Ginkgo_biloba,UBC,2019May08,6,not_full,5.166,5.004,4.875,0.332,0.281,0.264,0.3500,8.955,9.477,yes,2019May10,0.0625
Helwingia_chinensis,UBC,2019May08,6,not_full,1.771,3.559,3.857,0.288,0.295,0.316,0.2500,8.208,8.346,yes,2019May10,0.0883
Luzula_sylvatica,UBC,2019May08,6,not_full,1.334,4.752,4.705,0.281,0.302,0.282,1.1200,49.084,60.539,yes,2019May10,0.2812
Magnolia_dawsoniana,UBC,2019May08,6,full,,,,0.227,0.213,0.231,1.2700,49.831,49.594,yes,2019May10,0.1842
Meliosma_veitchiorum,UBC,2019May08,6,full,,,,0.138,0.131,0.128,1.2400,57.213,59.234,yes,2019May10,0.1765
Rehderodendron_macrocarpum,UBC,2019May08,6,full,,,,0.186,0.167,0.164,0.9400,49.549,50.547,yes,2019May10,0.2057
Staphylea_bumalda,UBC,2019May08,6,full,,,,0.132,0.133,0.125,0.3100,21.239,22.506,yes,2019May10,0.0584
Arachniodes_simplicior,VD,2019May09,6,not_full,4.364,3.202,5.410,0.282,0.319,0.307,6.3200,183.300,188.295,yes,2019May10,2.7505
Cypripedium_japonicum,VD,2019May09,6,full,,,,0.183,0.210,0.204,4.7600,218.008,221.683,yes,2019May10,0.7582
Dicksonia_antarctica,VD,2019May09,6,not_full,3.560,5.286,5.855,0.187,0.254,0.281,19.3000,371.994,468.928,yes,2019May10,2.9488
Dryopteris_carthusiana,VD,2019May09,6,not_full,4.094,5.231,3.328,0.144,0.072,0.084,8.1800,297.990,395.878,yes,2019May10,1.0352
Dryopteris_dilatata,VD,2019May09,6,not_full,2.560,4.347,4.396,0.132,0.126,0.118,4.4600,151.207,183.795,yes,2019May10,0.7987
Dryopteris_goldiana,VD,2019May09,6,not_full,4.147,3.912,5.190,0.173,0.146,0.204,7.3900,238.340,278.480,yes,2019May10,0.9011
Osmunda_regalis,VD,2019May09,6,not_full,4.902,4.018,3.960,0.145,0.134,0.103,11.5100,335.280,394.504,yes,2019May10,1.5925
Paulownia_tomentosa,VD,2019May09,6,full,,,,0.137,0.143,0.126,0.5500,20.901,20.299,yes,2019May10,0.0632
Symphoricarpos_mollis,VD,2019May09,6,full,,,,0.141,0.123,0.145,0.1300,11.980,12.132,yes,2019May10,0.0477
Syringa_oblata,VD,2019May09,6,full,,,,0.230,0.207,0.225,0.7900,31.950,32.090,yes,2019May10,0.2528
Bretschneidera_sinensis,UBC,2019May10,6,full,,,,0.157,0.155,0.125,0.2100,12.317,12.532,yes,2019May27,0.0387
Disanthus_cercidifolius,UBC,2019May10,6,full,,,,0.110,0.105,0.101,0.8700,82.997,81.997,yes,2019May27,0.1799
Iris_wilsonii,UBC,2019May10,6,not_full,1.453,2.810,2.565,0.270,0.183,0.240,1.3900,34.322,42.879,yes,2019May27,0.1711
Lysimachia_clethroides,UBC,2019May10,6,full,,,,0.251,0.265,0.219,0.3100,12.242,12.616,yes,2019May27,0.0423
Matteuccia_struthiopteris,UBC,2019May10,6,not_full,3.513,3.438,4.469,0.104,0.080,0.092,3.6000,204.911,243.603,yes,2019May27,0.5112
Rhododendron_barbatum,UBC,2019May10,6,full,,,,0.276,0.254,0.264,0.5700,19.357,20.196,yes,2019May27,0.2863
Stachyurus_chinensis,UBC,2019May10,6,full,,,,0.129,0.124,0.127,1.0500,79.799,81.227,yes,2019May27,0.1826
Stewartia_serrata,UBC,2019May10,6,full,,,,0.156,0.129,0.149,0.2100,15.037,15.375,yes,2019May27,0.0375
Tapiscia_sinensis,UBC,2019May10,6,full,,,,0.107,0.132,0.138,0.2500,12.043,13.226,yes,2019May27,0.0487
Trochodendron_aralioides,UBC,2019May10,6,full,,,,0.316,0.270,0.311,0.8900,28.254,28.790,yes,2019May27,0.3718
Viburnum_davidii,UBC,2019May10,6,full,,,,0.354,0.347,0.355,1.4100,35.395,35.768,yes,2019May27,0.6660
Actinidia_kolomikta,UBC,2019May11,2,full,,,,0.133,0.103,0.108,0.9800,72.109,75.004,yes,2019May27,0.2154
Clethra_delavayi,UBC,2019May11,2,full,,,,0.181,0.146,0.159,0.8000,35.057,35.898,yes,2019May27,0.1748
Daphniphyllum_macropodum,UBC,2019May11,2,full,,,,0.235,0.229,0.222,0.6300,28.322,29.129,yes,2019May27,0.2533
Decaisnea_insignis,UBC,2019May11,2,full,,,,0.107,0.071,0.095,0.4300,32.580,37.507,yes,2019May27,0.0912
Drimys_winteri,UBC,2019May11,2,not_full,2.000,2.000,2.000,0.403,0.392,0.421,1.1300,26.128,27.346,yes,2019May27,0.5209
Dryopteris_erythrosora,UBC,2019May11,2,not_full,1.006,2.897,1.473,0.144,0.117,0.163,4.1600,70.390,104.862,yes,2019May27,0.7246
Eurya_japonica,UBC,2019May11,2,full,,,,0.204,0.258,0.253,0.1800,7.440,7.882,yes,2019May27,0.0736
Rhododendron_degronianum,UBC,2019May11,2,full,,,,0.607,0.555,0.524,2.5800,45.518,48.586,yes,2019May27,1.3795
Rhododendron_hyperythrum,UBC,2019May11,2,full,,,,0.462,0.436,0.476,2.2700,39.865,45.841,yes,2019May27,1.1425
Schefflera_delavayi,UBC,2019May11,2,full,,,,0.476,0.472,0.494,8.3800,204.898,207.993,yes,2019May27,3.9132
Sciadopitys_verticillata,UBC,2019May11,2,full,,,,0.523,0.506,0.551,0.1700,2.613,4.294,yes,2019May27,0.0789
Abies_pinsapo,UBC,2019May13,6,not_full,5.822,5.660,5.006,0.336,0.314,0.332,0.0100,0.152,0.239,yes,2019May27,0.0020
Anemone_rivularis,UBC,2019May13,6,not_full,5.265,5.604,5.805,0.262,0.218,0.278,1.3000,45.301,52.846,yes,2019May27,0.2320
Dianthus_microlepis,UBC,2019May13,6,not_full,3.392,3.392,3.392,0.148,0.123,0.141,0.0058,0.133,0.622,yes,2019May27,0.0023
Ephedra_frustillata,UBC,2019May13,6,not_full,2.902,2.227,1.335,0.339,0.360,0.325,0.0740,0.074,0.051,yes,2019May27,0.0016
Haberlea_rhodopensis,UBC,2019May13,6,full,,,,0.633,0.494,0.528,1.7600,28.373,30.619,yes,2019May27,0.4651
Lysichiton_camtschatcensis,UBC,2019May13,6,full,,,,0.261,0.307,0.303,32.5500,731.888,778.529,yes,2019May27,3.2183
Narcissus_minor,UBC,2019May13,6,half_full,0.723,1.619,1.011,0.232,0.246,0.301,0.5900,11.338,15.401,yes,2019May27,0.0434
Tsuga_sieboldii,UBC,2019May13,6,not_full,5.691,5.560,5.381,0.345,0.317,0.344,0.0140,0.397,0.571,yes,2019May27,0.0037
Berberis_darwinii,UBC,2019May16,6,not_full,2.384,2.384,2.384,0.443,0.453,0.506,0.0618,1.389,1.038,yes,2019May27,0.0325
Chamaedaphne_calyculata,UBC,2019May16,6,not_full,1.874,1.874,1.874,0.122,0.110,0.145,0.0225,2.286,1.887,yes,2019May27,0.0120
Cistus_laurifolius,UBC,2019May16,6,not_full,2.621,2.016,0.983,0.285,0.238,0.268,0.1599,4.194,3.791,yes,2019May27,0.0590
Crinodendron_hookerianum,UBC,2019May16,6,not_full,3.625,3.800,3.656,0.255,0.258,0.249,0.1577,5.796,5.570,yes,2019May27,0.0528
Escallonia_rubra,UBC,2019May16,6,not_full,4.500,4.500,4.500,0.228,0.187,0.173,0.1162,5.910,5.561,yes,2019May27,0.0273
Halocarpus_bidwilii,UBC,2019May16,6,not_full,,,,0.847,0.786,0.844,0.1076,1.018,,yes,2019May27,0.0603
Pinus_cembra,UBC,2019May16,6,not_full,2.801,3.574,3.664,0.594,0.494,0.381,0.0254,0.209,0.687,yes,2019May27,0.0123
Pinus_sylvestris,UBC,2019May16,6,not_full,2.803,3.360,3.301,0.462,0.458,0.446,0.0374,0.302,0.876,yes,2019May27,0.0142
Abies_koreana,VD,2019May19,6,not_full,4.806,4.509,4.889,0.316,0.314,0.298,0.0101,0.254,0.363,yes,2019May27,0.0023
Ailanthus_altissima,VD,2019May19,6,full,,,,0.127,0.138,0.113,3.5958,101.818,113.074,yes,2019May27,0.5805
Anaphalis_margaritacea,VD,2019May19,6,full,,,,0.188,0.173,0.183,0.2484,10.774,12.007,yes,2019May27,0.0386
Asimina_triloba,VD,2019May19,6,full,,,,0.113,0.157,0.108,0.2268,15.591,16.379,yes,2019May27,0.0537
Canna_indica,VD,2019May19,6,full,,,,0.394,0.370,0.319,3.6667,80.909,84.321,yes,2019May27,0.5819
Molinia_caerulea,VD,2019May19,6,not_full,0.468,1.391,1.252,0.104,0.113,0.075,0.1342,6.713,11.288,yes,2019May27,0.0552
Morus_australis,VD,2019May19,6,full,,,,0.143,0.109,0.146,0.5253,37.000,38.942,yes,2019May27,0.1079
Polystichum_acrostichoides,VD,2019May19,6,not_full,4.423,2.724,5.075,0.235,0.258,0.187,2.6890,92.396,117.441,yes,2019May27,0.5946
Rhus_glabra,VD,2019May19,6,not_full,4.813,4.389,3.602,0.129,0.136,0.124,1.2689,70.420,80.234,yes,2019May27,0.2917
Scirpus_microcarpus,VD,2019May19,6,full,,,,0.165,0.148,0.279,0.6513,25.727,31.938,yes,2019May27,0.0583
Acorus_americanus,UBC,2019May22,6,full,,,,0.247,0.244,0.229,7.5958,145.779,144.408,yes,2019May27,0.9533
Cercidiphyllum_japonicum,UBC,2019May22,6,full,,,,0.145,0.111,0.102,0.2406,20.934,21.446,yes,2019May27,0.0750
Fragaria_chiloensis,UBC,2019May22,6,full,,,,0.265,0.235,0.231,0.2364,9.091,8.793,yes,2019May27,0.0863
Glandora_diffusa,UBC,2019May22,6,not_full,1.775,1.775,1.775,0.204,0.201,0.196,0.0109,1.738,0.353,yes,2019May27,0.0024
Lathyrus_vernus,UBC,2019May22,6,full,,,,0.128,0.112,0.880,0.1781,14.384,14.547,yes,2019May27,0.0589
Myrica_gale,UBC,2019May22,6,not_full,3.672,3.672,3.672,0.090,0.114,0.094,0.0446,3.020,2.720,yes,2019May27,0.0136
Paeonia_delavayi,UBC,2019May22,6,full,,,,0.171,0.119,0.112,1.0278,44.429,47.161,yes,2019May27,0.2106
Polystichum_setiferum,UBC,2019May22,6,not_full,3.854,4.126,2.445,0.225,0.239,0.264,28.3703,375.510,468.766,yes,2019May27,4.5970
Rhododendron_morii,UBC,2019May22,6,full,,,,0.385,0.305,0.350,0.5320,12.427,12.326,yes,2019May27,0.0963
Tsuga_mertensiana,UBC,2019May22,6,not_full,4.818,4.982,5.060,0.281,0.225,0.292,9.4100,0.008,0.177,yes,2019May27,0.0016
Datisca_cannabina,VD,2019May23,6,full,,,,0.140,0.105,0.112,2.9553,126.322,151.237,yes,2019May27,0.4354
Euptelea_polyandra,VD,2019May23,6,full,,,,0.079,0.078,0.071,0.5647,53.539,55.648,yes,2019May27,0.1221
Fritillaria_imperialis,VD,2019May23,6,full,,,,0.410,0.385,0.357,1.1366,35.787,39.748,yes,2019May27,0.1243
Gymnocarpium_dryopteris,VD,2019May23,6,not_full,4.039,4.504,4.164,0.075,0.071,0.069,0.1593,18.232,21.515,yes,2019May27,0.0569
Lysimachia_clethroides,VD,2019May23,6,full,,,,0.159,0.148,0.164,0.4052,22.049,22.459,yes,2019May27,0.0565
Persicaria_campanulata,VD,2019May23,6,full,,,,0.180,0.197,0.142,0.9886,39.998,41.099,yes,2019May27,0.1142
Rhododendron_campylocarpum,VD,2019May23,6,full,,,,0.236,0.250,0.242,0.7328,25.454,26.528,yes,2019May27,0.1199
Zelkova_serrata,VD,2019May23,6,full,,,,0.127,0.156,0.128,0.3229,25.690,26.365,yes,2019May27,0.1313
Colchicum_autumnale,UBC,2019May26,2,full,,,,0.409,0.461,0.367,3.7720,79.442,90.893,yes,2019May30,0.5601
Embothrium_coccineum,UBC,2019May26,2,full,,,,0.182,0.170,0.145,0.2752,13.846,14.900,yes,2019May30,0.0755
Equisetum_scirpoides,UBC,2019May26,2,not_full,0.950,1.700,0.869,0.344,0.360,0.321,0.0808,0.485,1.504,yes,2019May30,0.0143
Fuchsia_magellanica,UBC,2019May26,2,not_full,0.987,0.987,0.987,0.096,0.110,0.088,0.0109,1.075,1.109,yes,2019May30,0.0061
Gentiana_acaulis,UBC,2019May26,2,full,,,,0.293,0.287,0.257,0.1265,4.182,4.500,yes,2019May30,0.0302
Hypericum_densiflorum,UBC,2019May26,2,not_full,0.610,0.610,0.610,0.128,0.122,0.130,0.0024,0.081,0.152,yes,2019May30,0.0007
Kniphofia_rooperi,UBC,2019May26,2,full,,,,0.434,0.414,0.642,3.1440,55.692,67.319,yes,2019May30,0.4483
Oxalis_oregana,UBC,2019May26,2,full,,,,0.114,0.115,0.109,0.3012,26.593,26.816,yes,2019May30,0.0261
Tolmeia_menziesii,UBC,2019May26,2,not_full,1.796,2.000,1.967,0.119,0.108,0.125,0.0975,10.450,10.881,yes,2019May30,0.0273
Ampelopsis_megalophylla,UBC,2019May27,2,full,,,,0.238,0.216,0.151,0.7691,27.925,30.040,yes,2019May30,0.1489
Dryopteris_expansa,UBC,2019May27,2,not_full,1.231,1.298,1.475,0.140,0.159,0.152,6.4442,203.170,260.632,yes,2019May30,1.4569
Toona_sinensis,UBC,2019May27,2,full,,,,0.152,0.135,0.155,4.7211,221.487,245.519,yes,2019May30,1.4213
Aristolochia_tormentosa,UBC,2019May29,6,full,,,,0.103,0.082,0.114,0.3258,28.110,28.687,yes,2019Jun03,0.0546
Calycanthus_floridus,UBC,2019May29,6,full,,,,0.183,0.160,0.167,0.2190,12.399,12.235,yes,2019Jun03,0.0626
Gunnera_monoica,UBC,2019May29,6,full,,,,0.209,0.227,0.174,0.1650,6.467,6.663,yes,2019Jun03,0.0423
Hydrangea_quercifolia,UBC,2019May29,6,full,,,,0.102,0.117,0.112,4.4366,248.841,262.296,yes,2019Jun03,0.7895
Jovellana_violacea,UBC,2019May29,6,not_full,2.920,2.920,2.920,0.317,0.314,0.287,0.0689,2.784,2.982,yes,2019Jun03,0.0088
Pinus_heldercichii,UBC,2019May29,6,not_full,0.313,0.332,0.368,0.578,0.670,0.659,0.0485,0.276,0.783,yes,2019Jun03,0.0257
Puschkinia_scilloides,UBC,2019May29,6,not_full,4.878,5.775,4.228,0.432,0.458,0.320,1.6912,42.344,45.117,yes,2019Jun03,0.1669
Rhamnus_alpina,UBC,2019May29,6,full,,,,0.200,0.140,0.152,0.2820,16.103,16.506,yes,2019Jun03,0.0920
Thelypteris_novaboracensis,UBC,2019May29,6,not_full,2.077,3.933,2.660,0.053,0.071,0.064,1.2434,74.378,86.892,yes,2019Jun03,0.2297
Verbena_rigida,UBC,2019May29,6,not_full,4.258,4.121,3.308,0.251,0.227,0.208,0.1905,7.368,7.694,yes,2019Jun03,0.0474
Adiantum_pedatum,VD,2019May30,6,not_full,3.968,5.036,4.882,0.064,0.078,0.062,3.9812,346.038,357.024,yes,2019Jun03,0.9422
Erica_cinerea,VD,2019May30,6,not_full,0.983,0.898,0.934,0.134,0.121,0.114,0.0008,0.014,0.027,yes,2019Jun03,0.0001
Neillia_sinensis,VD,2019May30,6,full,,,,0.077,0.076,0.066,0.4183,58.396,59.973,yes,2019Jun03,0.1123
Picea_abies,VD,2019May30,6,not_full,4.037,4.198,3.870,0.369,0.329,0.397,0.0011,0.072,0.074,yes,2019Jun03,0.0008
Aucuba_chinensis,UBC,2019May31,6,full,,,,0.229,0.237,0.235,1.4423,43.985,44.772,yes,2019Jun03,0.2748
Catalpa_fargesii,UBC,2019May31,6,full,,,,0.088,0.082,0.093,1.2508,75.561,77.711,yes,2019Jun03,0.2018
Ceratostigma_minus,UBC,2019May31,6,not_full,3.670,3.479,2.806,0.333,0.290,0.298,0.1444,4.495,4.538,yes,2019Jun03,0.0421
Liquidambar_formosana,UBC,2019May31,6,full,,,,0.142,0.134,0.147,1.1866,45.035,45.869,yes,2019Jun03,0.3100
Microbiota_decussata,UBC,2019May31,6,not_full,1.200,3.149,4.021,0.486,0.658,0.588,0.4921,5.872,7.393,yes,2019Jun03,0.1883
Picea_alcoquiana,UBC,2019May31,6,not_full,3.107,3.525,4.175,0.768,0.745,0.774,0.0182,0.211,0.216,yes,2019Jun03,0.0095
Quercus_macranthera,UBC,2019May31,6,full,,,,0.108,0.109,0.132,1.9003,141.610,143.892,yes,2019Jun03,0.4293
Vaccinium_deliciosum,UBC,2019May31,6,not_full,3.888,4.734,4.573,0.091,0.081,0.096,0.0423,6.297,6.558,yes,2019Jun03,0.0159
Viola_odorata,UBC,2019May31,6,full,,,,0.203,0.167,0.173,0.8656,34.982,37.126,yes,2019Jun03,0.2927